{
  "provenance": {
    "dataset_id": "D4RL/pointmaze/medium-v2",
    "minari_version": "0.5.3",
    "n_episodes_used": null,
    "n_states": 418840,
    "n_transitions": 416840,
    "probe_seed": 12345,
    "probe_size": 4000,
    "maze_shape": [
      8,
      8
    ],
    "maze_scaling": 1.0,
    "provenance_sha": "24b3a6377a010f68"
  },
  "success_rule": {
    "claim": "Claim A: as a decision model gets more capable, independently-trained versions of it become more similar inside. Deliverable is a TREND (curve), not a one-shot comparison.\n",
    "test": "spearman_between_seed_similarity_vs_measured_competence",
    "decision_objectives": [
      "bc",
      "cql"
    ],
    "supports_if": "Spearman r > 0 AND permutation p <= 0.05 for the decision objectives",
    "permutation_iters": 10000
  },
  "objectives": {
    "bc": {
      "n_points": 12,
      "spearman_r": -0.33684417879480183,
      "perm_p": 0.2900709929007099,
      "is_decision_objective": true,
      "passes_rule": false,
      "competence": [
        0.04,
        0.20500000000000002,
        0.23500000000000001,
        0.2,
        0.19,
        0.2,
        0.195,
        0.21000000000000002,
        0.20500000000000002,
        0.15000000000000002,
        0.25,
        0.22499999999999998
      ],
      "between_seed_knn": [
        0.8728723214285713,
        0.6567589285714285,
        0.6621562499999999,
        0.6476607142857141,
        0.6283187500000001,
        0.6163723214285713,
        0.6054696428571428,
        0.5996973214285715,
        0.5992232142857142,
        0.5879312499999999,
        0.5712303571428572,
        0.5381330357142857
      ],
      "align_Z_knn": [
        0.16575,
        0.13589375,
        0.13703437499999999,
        0.13737812500000002,
        0.13539375,
        0.13268125,
        0.131728125,
        0.13107500000000002,
        0.13253125,
        0.132675,
        0.130325,
        0.126059375
      ],
      "align_V_knn": [
        0.0038250000000000003,
        0.0037531250000000004,
        0.003503125,
        0.0035375,
        0.00340625,
        0.003434375,
        0.003403125,
        0.0036093749999999997,
        0.0036218749999999997,
        0.0038125000000000004,
        0.004009375,
        0.00401875
      ],
      "drifts_toward": "reality"
    },
    "cql": {
      "n_points": 12,
      "spearman_r": -0.5524475524475525,
      "perm_p": 0.06629337066293371,
      "is_decision_objective": true,
      "passes_rule": false,
      "competence": [
        0.05,
        0.24500000000000002,
        0.22000000000000003,
        0.2,
        0.245,
        0.225,
        0.19,
        0.22,
        0.185,
        0.235,
        0.31,
        0.23
      ],
      "between_seed_knn": [
        0.8728723214285713,
        0.7814955357142858,
        0.8073348214285715,
        0.8181178571428571,
        0.8165830357142857,
        0.8156955357142855,
        0.8081196428571429,
        0.7996767857142857,
        0.7847241071428571,
        0.7613660714285715,
        0.7189250000000001,
        0.6564241071428573
      ],
      "align_Z_knn": [
        0.16575,
        0.156578125,
        0.160025,
        0.16180625,
        0.16208125,
        0.16271875,
        0.161828125,
        0.161453125,
        0.160225,
        0.15688125,
        0.15031250000000002,
        0.14051249999999998
      ],
      "align_V_knn": [
        0.0038250000000000003,
        0.0036562499999999998,
        0.0037375000000000004,
        0.0038531249999999998,
        0.0038218749999999998,
        0.003840625,
        0.0037875,
        0.0037906249999999997,
        0.003809375,
        0.0037375000000000004,
        0.00375,
        0.003621875
      ],
      "drifts_toward": "reality"
    },
    "jepa": {
      "n_points": 12,
      "spearman_r": -0.49029355601893404,
      "perm_p": 0.10638936106389361,
      "is_decision_objective": false,
      "passes_rule": false,
      "competence": [
        0.00042724609375,
        0.00048828125,
        0.00048828125,
        0.00054931640625,
        0.000732421875,
        0.00067138671875,
        0.00048828125,
        0.0003662109375,
        0.00067138671875,
        0.00067138671875,
        0.00079345703125,
        0.00054931640625
      ],
      "between_seed_knn": [
        0.8728723214285713,
        0.3515383928571429,
        0.3048053571428571,
        0.26504999999999995,
        0.25225089285714286,
        0.24207678571428567,
        0.23807321428571432,
        0.23576071428571427,
        0.2259294642857143,
        0.21335446428571433,
        0.22019464285714285,
        0.23790089285714286
      ],
      "align_Z_knn": [
        0.16575,
        0.12805,
        0.1249,
        0.1203,
        0.11875625000000001,
        0.11748125,
        0.116546875,
        0.11646875000000001,
        0.11504375,
        0.11174375,
        0.112615625,
        0.115875
      ],
      "align_V_knn": [
        0.0038250000000000003,
        0.003740625,
        0.00363125,
        0.003828125,
        0.00378125,
        0.00360625,
        0.003734375,
        0.00364375,
        0.0035343749999999998,
        0.003634375,
        0.00366875,
        0.003653125
      ],
      "drifts_toward": "reality"
    },
    "reward": {
      "n_points": 12,
      "spearman_r": 0.06993006993006995,
      "perm_p": 0.8331166883311669,
      "is_decision_objective": false,
      "passes_rule": false,
      "competence": [
        0.0,
        0.0818034605056657,
        0.17110962709763178,
        0.1960460565621399,
        0.20466628821360933,
        0.20867691173255778,
        0.21234609629098977,
        0.21653849066683062,
        0.22062597590305127,
        0.22031133349478027,
        0.210675261731971,
        0.1833094057130971
      ],
      "between_seed_knn": [
        0.8728723214285713,
        0.49451607142857146,
        0.6352982142857143,
        0.6651098214285714,
        0.6879339285714285,
        0.6868232142857141,
        0.6863723214285714,
        0.68434375,
        0.660325,
        0.6440008928571429,
        0.5938991071428571,
        0.5281035714285714
      ],
      "align_Z_knn": [
        0.16575,
        0.14275937500000002,
        0.15183750000000001,
        0.15498125000000001,
        0.15741875,
        0.158065625,
        0.15826875,
        0.157,
        0.15340937500000001,
        0.14979375,
        0.141221875,
        0.129321875
      ],
      "align_V_knn": [
        0.0038250000000000003,
        0.0037593749999999997,
        0.003871875,
        0.00395625,
        0.003990625,
        0.003915625,
        0.004021875,
        0.003846875,
        0.003871875,
        0.0039,
        0.0038374999999999998,
        0.0039
      ],
      "drifts_toward": "reality"
    }
  },
  "jepa_pr_check": {
    "steps": [
      0,
      1000,
      2000,
      3500,
      5000,
      7500,
      10000,
      15000,
      25000,
      40000,
      65000,
      100000
    ],
    "participation_ratio": [
      21.44711066780004,
      4.887594727442248,
      4.552770000248046,
      5.1141730100897345,
      5.640172217301345,
      6.070399900215448,
      6.188846758390728,
      6.500060833767354,
      7.340983888364453,
      8.0095671943257,
      9.868666318504356,
      12.874433845879903
    ],
    "non_collapse": true
  },
  "claim_A_supported": false
}