{
  "provenance": {
    "dataset_id": "D4RL/pointmaze/medium-v2",
    "minari_version": "0.5.3",
    "n_states": 418840,
    "n_transitions": 416840,
    "probe_seed": 12345,
    "probe_size": 4000,
    "maze_shape": [
      8,
      8
    ],
    "maze_scaling": 1.0,
    "n_landmarks": 8,
    "landmark_cells": [
      [
        5,
        3
      ],
      [
        1,
        1
      ],
      [
        1,
        6
      ],
      [
        6,
        5
      ],
      [
        4,
        1
      ],
      [
        2,
        4
      ],
      [
        4,
        5
      ],
      [
        2,
        2
      ]
    ],
    "reality_value_dcor": 0.5446952699999016,
    "env_reject": true,
    "value_kernel": {
      "participation_ratio": 2.885033839982091,
      "dist_cv": 0.4482860549570184,
      "degenerate": false
    },
    "provenance_sha": "bf727bc044a372a2"
  },
  "success_rule": {
    "claim": "Claim A: as a decision model gets more capable, independently-trained versions of it become more similar inside. Deliverable is a TREND (curve), not a one-shot comparison.\n",
    "test": "spearman_between_seed_similarity_vs_measured_competence",
    "decision_objectives": [
      "bc",
      "cql"
    ],
    "supports_if": "Spearman r > 0 AND permutation p <= 0.05 for the decision objectives",
    "permutation_iters": 10000
  },
  "env_check": {
    "reality_value_dcor": 0.5446952699999016,
    "env_reject": true,
    "value_kernel": {
      "participation_ratio": 2.885033839982091,
      "dist_cv": 0.4482860549570184,
      "degenerate": false
    }
  },
  "objectives": {
    "bc": {
      "n_points": 16,
      "spearman_r": 0.19749495572692302,
      "perm_p": 0.46315368463153683,
      "is_decision_objective": true,
      "passes_rule": false,
      "competence": [
        0.04,
        0.025,
        0.03,
        0.095,
        0.13999999999999999,
        0.20500000000000002,
        0.21000000000000002,
        0.21000000000000002,
        0.23,
        0.18000000000000002,
        0.20500000000000002,
        0.16999999999999998,
        0.195,
        0.195,
        0.17500000000000002,
        0.17
      ],
      "between_seed_knn": [
        0.8728723214285713,
        0.7892491071428571,
        0.6065419642857144,
        0.45193392857142856,
        0.5752678571428571,
        0.6344973214285715,
        0.6554973214285713,
        0.6702,
        0.6650830357142858,
        0.6665616071428572,
        0.6562107142857142,
        0.6327491071428571,
        0.6197151785714284,
        0.6056589285714286,
        0.60094375,
        0.5887383928571428
      ],
      "dcor_Z": [
        0.34665308451425825,
        0.3298873470603122,
        0.30748965556984503,
        0.27149740696216745,
        0.2649247082370665,
        0.255817401046021,
        0.2567951559225709,
        0.2563934848731685,
        0.2539979014837596,
        0.2527310582022422,
        0.2475223247952347,
        0.2425601031105904,
        0.2407109456011068,
        0.2402622722488414,
        0.24420370008036285,
        0.24877166247519206
      ],
      "dcor_Vemb": [
        0.5732975214928628,
        0.5444594143524727,
        0.50554020506875,
        0.40321403518771826,
        0.3602406035379596,
        0.3391795805630895,
        0.3398136215140232,
        0.3415316008685336,
        0.3387379127597535,
        0.336626172054515,
        0.3256790373574622,
        0.31312936302337074,
        0.3033364020234032,
        0.2977343195897417,
        0.2936585856644819,
        0.28811699197431795
      ],
      "align_Z_knn": [
        0.16575,
        0.164634375,
        0.15414062500000003,
        0.12458749999999999,
        0.132309375,
        0.1353625,
        0.1353375,
        0.135790625,
        0.136828125,
        0.1375,
        0.137025,
        0.13561562500000002,
        0.13336875,
        0.13215,
        0.1318625,
        0.132909375
      ],
      "align_Vemb_knn": [
        0.6343,
        0.622528125,
        0.558134375,
        0.41532187499999995,
        0.453496875,
        0.475534375,
        0.46509999999999996,
        0.45857499999999995,
        0.451003125,
        0.450175,
        0.445625,
        0.441353125,
        0.4379375,
        0.43780625,
        0.440546875,
        0.4419375
      ],
      "reality_vs_value_primary": "distance_correlation",
      "drifts_toward": "value",
      "regime_split": {
        "peak_index": 8,
        "rising": {
          "n": 9,
          "spearman_r": -0.03347309635022892,
          "perm_p": 0.9374062593740626
        },
        "plateau": {
          "n": 8,
          "spearman_r": 0.467074242146171,
          "perm_p": 0.24667533246675333
        }
      },
      "success_rate_trend": {
        "success_rate": [
          0.035,
          0.025,
          0.03,
          0.095,
          0.13,
          0.18,
          0.19,
          0.2,
          0.21000000000000002,
          0.16,
          0.195,
          0.165,
          0.19,
          0.18,
          0.17,
          0.165
        ],
        "spearman_r": 0.13264586578673934,
        "perm_p": 0.6226377362263774
      }
    },
    "cql": {
      "n_points": 16,
      "spearman_r": 0.07084919084320762,
      "perm_p": 0.794020597940206,
      "is_decision_objective": true,
      "passes_rule": false,
      "competence": [
        0.05,
        0.04,
        0.04,
        0.04,
        0.095,
        0.265,
        0.19,
        0.26,
        0.24,
        0.215,
        0.21000000000000002,
        0.29000000000000004,
        0.19,
        0.21500000000000002,
        0.22,
        0.27
      ],
      "between_seed_knn": [
        0.8728723214285713,
        0.7886660714285715,
        0.7761839285714285,
        0.6923348214285713,
        0.45200803571428566,
        0.6638044642857143,
        0.7679375000000002,
        0.7842214285714286,
        0.80615625,
        0.8098526785714285,
        0.8183839285714287,
        0.8150607142857142,
        0.8135473214285713,
        0.8089562500000002,
        0.7927419642857144,
        0.7591955357142858
      ],
      "dcor_Z": [
        0.34665308451425825,
        0.31401183201805904,
        0.30060350567425775,
        0.2873618461569097,
        0.2969738387174663,
        0.3178936325475463,
        0.31185472671768744,
        0.31099580812238065,
        0.3040412955460361,
        0.3034044099779489,
        0.30084351301054346,
        0.30141291922500696,
        0.29985129184570425,
        0.29771930765174237,
        0.2959023861146207,
        0.2928166705931095
      ],
      "dcor_Vemb": [
        0.5732975214928628,
        0.5326589238587559,
        0.4985408260931257,
        0.45078441918018053,
        0.43577013772483564,
        0.41024724244313937,
        0.390505093815869,
        0.38639357115314354,
        0.3734850428263839,
        0.3712972847678171,
        0.36323571006352784,
        0.36067709614025534,
        0.35872743262060525,
        0.3516089840235257,
        0.35109283648209083,
        0.35176826834074204
      ],
      "align_Z_knn": [
        0.16575,
        0.165653125,
        0.164478125,
        0.16048125,
        0.12941875,
        0.14502187500000002,
        0.15423125000000001,
        0.156453125,
        0.158459375,
        0.15987500000000002,
        0.161153125,
        0.162121875,
        0.16201875,
        0.16154374999999999,
        0.1608,
        0.1564875
      ],
      "align_Vemb_knn": [
        0.6343,
        0.6201125000000001,
        0.6160625,
        0.588821875,
        0.41705937499999995,
        0.49240000000000006,
        0.530334375,
        0.5358375,
        0.54201875,
        0.548184375,
        0.5577874999999999,
        0.563421875,
        0.565628125,
        0.56549375,
        0.56191875,
        0.5444687500000001
      ],
      "reality_vs_value_primary": "distance_correlation",
      "drifts_toward": "value",